Model,MAE,RMSE,DA
RNN,0.006727212527266276,0.0100500051299341,0.5205930807248764
LSTM,0.006827503831022958,0.009984197166035233,0.43986820428336076
GRU,0.006588685695866074,0.010035283585647934,0.5123558484349259
Transformer,0.006489735373358501,0.009837197896021038,0.5535420098846787
