{
  "ticker": "SPY",
  "start": "2010-01-01",
  "seq_len": 10,
  "horizon": 1,
  "split": {
    "train": 0.7,
    "val": 0.15,
    "test": 0.15000000000000005
  },
  "device": "cpu",
  "models": {
    "RNN": {
      "MAE": 0.006702128813397478,
      "RMSE": 0.009963105825280382,
      "DA": 0.4843492586490939,
      "best_val_MSE": 0.00013816645952814243
    },
    "LSTM": {
      "MAE": 0.00648486785789135,
      "RMSE": 0.009804448062113133,
      "DA": 0.5453047775947282,
      "best_val_MSE": 0.00013465160309276467
    },
    "GRU": {
      "MAE": 0.006572202135547945,
      "RMSE": 0.010019561496273144,
      "DA": 0.5420098846787479,
      "best_val_MSE": 0.00013832534215516942
    },
    "Transformer": {
      "MAE": 0.008028915239629543,
      "RMSE": 0.01861511771400082,
      "DA": 0.5370675453047776,
      "best_val_MSE": 0.00017414490240366266
    }
  }
}