{
  "MAE": 0.006955591989996066,
  "MSE": 9.834267449317095e-05,
  "DA": 0.5094339622641509,
  "best_val_MSE": 0.00025174680676749906,
  "best_train_MSE": 0.00020124545028195846,
  "best_test_MSE": 9.834267984842882e-05
}