{
  "MAE": 0.006751110894188882,
  "MSE": 9.264376034834374e-05,
  "DA": 0.5031446540880503,
  "best_val_MSE": 0.0002457325491748774,
  "best_train_MSE": 0.00013577815296870633,
  "best_test_MSE": 9.264375694328919e-05
}