{
  "MAE": 0.0065182853644439424,
  "MSE": 9.014787691000394e-05,
  "DA": 0.5547169811320755,
  "best_val_MSE": 0.00024216187244967038,
  "best_train_MSE": 0.00020063419092258492,
  "best_test_MSE": 9.014787792693824e-05
}