{
  "MAE": 0.006968794617600934,
  "MSE": 0.00010964110554136923,
  "DA": 0.5270440251572327,
  "best_val_MSE": 0.0002531677856549566,
  "best_train_MSE": 0.00012758390240136887,
  "best_test_MSE": 0.00010964111424982548
}