{
  "MAE": 0.006868096311294987,
  "MSE": 9.556239456955181e-05,
  "DA": 0.48930817610062893,
  "best_val_MSE": 0.000252495434055998,
  "best_train_MSE": 0.00029590127070144737,
  "best_test_MSE": 9.556239092489704e-05
}