{
  "MAE": 0.001421423454219569,
  "MSE": 3.2209281601961356e-06,
  "DA": 0.9566395663956639,
  "best_val_MSE": 3.4466770549367858e-06,
  "best_train_MSE": 3.4678669311974653e-06,
  "best_test_MSE": 3.220928192604333e-06
}