{
  "MAE": 0.001451728141726652,
  "MSE": 3.5304924983463433e-06,
  "DA": 0.94579945799458,
  "best_val_MSE": 8.232446491636109e-06,
  "best_train_MSE": 4.276092341721033e-06,
  "best_test_MSE": 3.530492449499434e-06
}