{
  "MAE": 0.0009767999499329322,
  "MSE": 1.4107533890029785e-06,
  "DA": 0.9728997289972899,
  "best_val_MSE": 3.909916169924508e-06,
  "best_train_MSE": 1.8274940673888653e-06,
  "best_test_MSE": 1.4107533843343845e-06
}