{
  "MAE": 0.00247215537324857,
  "MSE": 1.0177931180114617e-05,
  "DA": 0.9322493224932249,
  "best_val_MSE": 1.0844949004560186e-05,
  "best_train_MSE": 0.0001259878204467519,
  "best_test_MSE": 1.0177931471844204e-05
}