{
  "MAE": 0.006555008589552516,
  "MSE": 9.018001663016723e-05,
  "DA": 0.5308176100628931,
  "best_val_MSE": 0.00024226234242627956,
  "best_train_MSE": 0.00014129714918944915,
  "best_test_MSE": 9.018000855576247e-05
}