{
  "MAE": 0.007129939118878682,
  "MSE": 0.00010268877185086236,
  "DA": 0.5270440251572327,
  "best_val_MSE": 0.00027481944181396734,
  "best_train_MSE": 0.00013303109727230136,
  "best_test_MSE": 0.0001026887766784057
}