{
  "MAE": 0.0070247214165117654,
  "MSE": 0.00010667813267338002,
  "DA": 0.5232704402515723,
  "best_val_MSE": 0.0002687442760149032,
  "best_train_MSE": 0.00015706440637083764,
  "best_test_MSE": 0.00010667813330655918
}