{
  "MAE": 0.007856514908756452,
  "MSE": 0.00013501516250893328,
  "DA": 0.5459119496855346,
  "best_val_MSE": 0.0003437558559652597,
  "best_train_MSE": 0.00014157406300593963,
  "best_test_MSE": 0.00013501514331437647
}