{
  "MAE": 0.006844040524862359,
  "MSE": 0.00010279262142470256,
  "DA": 0.4728171334431631,
  "best_val_MSE": 0.00014584855346561385,
  "best_train_MSE": 0.0002544511495280673,
  "best_test_MSE": 0.00010279261914547533
}