{
  "MAE": 0.0029038905942946522,
  "MSE": 1.4938316903108969e-05,
  "DA": 0.5604534005037783,
  "best_val_MSE": 4.09149399741783e-05,
  "best_train_MSE": 2.1878411898728104e-05,
  "best_test_MSE": 1.4938315871404484e-05
}