{
  "MAE": 0.004860837062221131,
  "MSE": 3.485444065491671e-05,
  "DA": 0.38413098236775817,
  "best_val_MSE": 7.951425791749579e-05,
  "best_train_MSE": 0.00013609452549662813,
  "best_test_MSE": 3.485443812678568e-05
}