{
  "MAE": 0.0029924043667435085,
  "MSE": 1.650198135361029e-05,
  "DA": 0.5390428211586902,
  "best_val_MSE": 5.041901402585571e-05,
  "best_train_MSE": 2.6862825632698143e-05,
  "best_test_MSE": 1.6501981008332223e-05
}