{
  "MAE": 0.003955892446169617,
  "MSE": 2.3013823149598734e-05,
  "DA": 0.3853904282115869,
  "best_val_MSE": 4.558097442176706e-05,
  "best_train_MSE": 0.0005150249506551001,
  "best_test_MSE": 2.3013823010842316e-05
}