{
  "MAE": 0.0031088148185942793,
  "MSE": 1.745315954119803e-05,
  "DA": 0.5919395465994962,
  "best_val_MSE": 4.0735964409760075e-05,
  "best_train_MSE": 0.000357732724319611,
  "best_test_MSE": 1.7453159671276808e-05
}