{
  "MAE": 0.003435013883361871,
  "MSE": 2.1720074689458525e-05,
  "DA": 0.5743073047858942,
  "best_val_MSE": 5.540487026294925e-05,
  "best_train_MSE": 0.00010177425248518507,
  "best_test_MSE": 2.172007407352794e-05
}