{
  "MAE": 0.0029524583734192385,
  "MSE": 1.5500109914890358e-05,
  "DA": 0.5239294710327456,
  "best_val_MSE": 4.505710601411983e-05,
  "best_train_MSE": 1.9904771728573513e-05,
  "best_test_MSE": 1.5500108929700218e-05
}