{
  "MAE": 0.00354216418909415,
  "MSE": 1.9459632488254148e-05,
  "DA": 0.41183879093198994,
  "best_val_MSE": 4.693460415764407e-05,
  "best_train_MSE": 0.00018913003867038813,
  "best_test_MSE": 1.9459630493656732e-05
}