{
  "MAE": 0.0038089572808077854,
  "MSE": 3.038349692935156e-05,
  "DA": 0.5106918238993711,
  "best_val_MSE": 6.407405292552438e-05,
  "best_train_MSE": 4.423867237451272e-05,
  "best_test_MSE": 3.0383494959096424e-05
}