{
  "MAE": 0.003000947616894846,
  "MSE": 1.6532177828402747e-05,
  "DA": 0.620253164556962,
  "best_val_MSE": 5.010731373427231e-05,
  "best_train_MSE": 2.3702505289586466e-05,
  "best_test_MSE": 1.6532178051420487e-05
}