{
  "MAE": 0.0029360712895235654,
  "MSE": 1.6106106468126204e-05,
  "DA": 0.6113924050632912,
  "best_val_MSE": 3.965826159903916e-05,
  "best_train_MSE": 2.113914459343225e-05,
  "best_test_MSE": 1.6106107068480924e-05
}