{
  "MAE": 0.0029323506120508434,
  "MSE": 1.5496839160536044e-05,
  "DA": 0.569811320754717,
  "best_val_MSE": 4.415657048354232e-05,
  "best_train_MSE": 2.215340458323197e-05,
  "best_test_MSE": 1.5496840205742046e-05
}