{
  "MAE": 0.003477769234470609,
  "MSE": 2.1942093576258153e-05,
  "best_train_MSE": 1.5308177052451598e-05,
  "best_val_MSE": 6.130825424676346e-05,
  "best_test_MSE": 2.1942093576258153e-05,
  "DA": 0.5253164556962026
}