Model,MAE,RMSE,DA
Persistence,0.009521802402630473,0.014408107157615839,0.5263157894736842
LinearRegression,0.00665133510619581,0.00996381524927995,0.5213815789473685
