{
  "MAE": 0.0069687654560778535,
  "MSE": 0.00010324963225586764,
  "DA": 0.4471947194719472,
  "best_val_MSE": 0.00014382478408507437,
  "best_train_MSE": 0.0005966678743850258,
  "best_test_MSE": 0.0001032496293191798
}