{
  "MAE": 0.007959681915999712,
  "RMSE": 0.01271003988298475,
  "DA": 0.506578947368421,
  "best_val_MSE": 0.0001764426959039493
}