{
  "MAE": 0.007735318112825129,
  "MSE": 0.00013337439569788666,
  "DA": 0.5420098846787479,
  "best_val_MSE": 0.00015751773230689796,
  "best_train_MSE": 0.0002589770487653384,
  "best_test_MSE": 0.00013337438576854765
}