{
  "MAE": 0.006779644297310897,
  "MSE": 0.0001044291664335602,
  "DA": 0.49834983498349833,
  "best_val_MSE": 0.00014799841611162496,
  "best_train_MSE": 0.00012742538994128726,
  "best_test_MSE": 0.00010442915663588792
}