{
  "MAE": 0.0065700276280909855,
  "MSE": 9.871876536986384e-05,
  "DA": 0.5205930807248764,
  "best_val_MSE": 0.00013559536074797144,
  "best_train_MSE": 0.0003118176929383802,
  "best_test_MSE": 9.871876682154834e-05
}