model,MAE,RMSE,DA
persistence,0.009505443198745885,0.01440087729587318,0.5238879736408567
ridge,0.006630177717974166,0.00992941115321458,0.5057660626029654
