{
  "MAE": 0.006555304316283238,
  "RMSE": 0.010082378350329699,
  "DA": 0.5394736842105263,
  "best_val_MSE": 0.00013803560710971434
}