{
  "ticker": "SPY",
  "start": "2010-01-01",
  "lags": 10,
  "split": {
    "train": 0.7,
    "val": 0.15,
    "test": 0.15000000000000005
  },
  "persistence": {
    "MAE": 0.009526264032220117,
    "RMSE": 0.014395488606936922,
    "DA": 0.5174129353233831
  },
  "ridge": {
    "alpha": 100.0,
    "MAE": 0.006638957107885236,
    "RMSE": 0.009928569822203661,
    "DA": 0.5174129353233831,
    "val_RMSE_for_alpha": 0.011840598028059366
  }
}