{
  "ticker": "SPY",
  "start": "2010-01-01",
  "lags": 10,
  "split": {
    "train": 0.7,
    "val": 0.15,
    "test": 0.15000000000000005
  },
  "persistence": {
    "MAE": 0.009505443198745885,
    "RMSE": 0.01440087729587318,
    "DA": 0.5238879736408567
  },
  "ridge": {
    "alpha": 100.0,
    "MAE": 0.006630177717974166,
    "RMSE": 0.00992941115321458,
    "DA": 0.5057660626029654,
    "val_RMSE_for_alpha": 0.011785456555931828
  }
}