{
  "MAE": 0.006599891473263411,
  "MSE": 0.00010029950749067292,
  "DA": 0.5700164744645799,
  "best_val_MSE": 0.0001427539083066803,
  "best_train_MSE": 0.00011898648715732554,
  "best_test_MSE": 0.00010029951226897538
}