Model,MAE,RMSE,DA,best_val_MSE
RNN,0.006797474250996444,0.010101650639172895,0.47368421052631576,0.0001400864178065864
LSTM,0.006618631614246131,0.009888525338258479,0.4654605263157895,0.00013423771504667562
GRU,0.00657456335593889,0.010049120099156046,0.5427631578947368,0.00013800228476413883
Transformer,0.009002767275125124,0.0127288717965634,0.46710526315789475,0.00019550794341474466
