{
  "MAE": 0.006476818884071407,
  "MSE": 9.726420936223677e-05,
  "DA": 0.5379537953795379,
  "best_val_MSE": 0.00014075181892065692,
  "best_train_MSE": 0.000121565211753091,
  "best_test_MSE": 9.726420830702409e-05
}