{
  "MAE": 0.006978623439252155,
  "MSE": 0.00010397535742558451,
  "DA": 0.4273927392739274,
  "best_val_MSE": 0.0001412330450046424,
  "best_train_MSE": 0.00012137554516779893,
  "best_test_MSE": 0.00010397534788353369
}