Model,MAE,RMSE,best_train_MSE,best_val_MSE,best_test_MSE,DA
Baseline-LR,0.006653667147035428,0.010003145619713752,0.00011415481172276305,0.00013749266465675096,0.00010006292228919841,0.528052805280528
RNN,0.006966926885237512,0.010244841632350475,0.00013145740891049257,0.00014252768394591147,0.00010495677270228043,0.466996699669967
LSTM,0.006877596203198835,0.010145096914074395,0.00018915027212951775,0.00013971508554931468,0.00010292298975400627,0.4537953795379538
GRU,0.0070791825539629535,0.010629278401727475,0.00012486014503742588,0.00014207134718112596,0.000112981564598158,0.49174917491749176
Transformer,0.007504072463940868,0.011303666547069813,0.0006665483294529762,0.0002192548196666589,0.00012777288793586195,0.5165016501650165
