{
  "MAE": 0.00653076975038071,
  "RMSE": 0.009847967968168864,
  "DA": 0.537828947368421,
  "best_val_MSE": 0.0001361944397482879
}