{
  "MAE": 0.006654426214676062,
  "RMSE": 0.010062172934786506,
  "DA": 0.5575657894736842,
  "best_val_MSE": 0.0001420158491325791
}