{
  "ticker": "SPY",
  "start": "2010-01-01",
  "lags": 10,
  "split": {
    "train": 0.7,
    "val": 0.15,
    "test": 0.15000000000000005
  },
  "persistence": {
    "MAE": 0.009505448238809075,
    "RMSE": 0.014400875350898125,
    "DA": 0.5238879736408567
  },
  "linear_regression": {
    "MAE": 0.006635990660861823,
    "RMSE": 0.00995813825970512,
    "DA": 0.5255354200988468
  },
  "ridge": {
    "alpha": 100.0,
    "MAE": 0.006630172338193125,
    "RMSE": 0.009929409908999565,
    "DA": 0.5057660626029654,
    "val_RMSE_for_alpha": 0.011785454840637775
  }
}