{
  "MAE": 0.006688856537727117,
  "MSE": 9.271679186998966e-05,
  "DA": 0.5169385194479298,
  "best_val_MSE": 0.00024808409046118133,
  "best_train_MSE": 0.0001367375093180052,
  "best_test_MSE": 9.271679300582036e-05
}