{
  "MAE": 0.007316818106365624,
  "MSE": 0.0001248611102114877,
  "DA": 0.4905897114178168,
  "best_val_MSE": 0.0003052344968063128,
  "best_train_MSE": 0.00010722664153255555,
  "best_test_MSE": 0.00012486110790632665
}