{
  "MAE": 0.007150323007320028,
  "MSE": 0.00011393968191126673,
  "DA": 0.4779874213836478,
  "best_val_MSE": 0.0002690171841721619,
  "best_train_MSE": 0.00012642446508564812,
  "best_test_MSE": 0.0001139396772487089
}