{
  "MAE": 0.007687991231903753,
  "MSE": 0.00012259740951135815,
  "best_train_MSE": 0.00010621300088325031,
  "best_val_MSE": 0.0003725169560371034,
  "best_test_MSE": 0.00012259740951135815,
  "DA": 0.48930817610062893
}