{
  "MAE": 0.006650535659385083,
  "MSE": 9.290053750043805e-05,
  "DA": 0.5270440251572327,
  "best_val_MSE": 0.00024367532643536848,
  "best_train_MSE": 0.0001435194244049301,
  "best_test_MSE": 9.290054003940895e-05
}