{
  "MAE": 0.006949475725585768,
  "MSE": 9.915883850144716e-05,
  "DA": 0.5220125786163522,
  "best_val_MSE": 0.00025901654160287625,
  "best_train_MSE": 0.00012667149759941688,
  "best_test_MSE": 9.9158838565927e-05
}