{
  "MAE": 0.007219530008211559,
  "MSE": 0.00011895018495166742,
  "DA": 0.49433962264150944,
  "best_val_MSE": 0.00028710435327067996,
  "best_train_MSE": 0.00010998787526363109,
  "best_test_MSE": 0.00011895017814822495
}