{
  "MAE": 0.006911346593021351,
  "MSE": 9.773573606390025e-05,
  "DA": 0.5044025157232704,
  "best_val_MSE": 0.0002592928867578955,
  "best_train_MSE": 0.00012672880880892193,
  "best_test_MSE": 9.773573401616886e-05
}