{
  "MAE": 0.006878868678138376,
  "MSE": 9.855897657234262e-05,
  "DA": 0.5119496855345912,
  "best_val_MSE": 0.0002644110184547285,
  "best_train_MSE": 0.0001530914279389885,
  "best_test_MSE": 9.855897951638326e-05
}