{
  "MAE": 0.006588046858200838,
  "MSE": 9.203858206748009e-05,
  "DA": 0.5345911949685535,
  "best_val_MSE": 0.0002447269715594532,
  "best_train_MSE": 0.00039472030383332573,
  "best_test_MSE": 9.203857916872948e-05
}