{
  "MAE": 0.007438386082025807,
  "MSE": 0.00010760280413049123,
  "DA": 0.5006289308176101,
  "best_val_MSE": 0.00027117865701960014,
  "best_train_MSE": 0.0023511752317483298,
  "best_test_MSE": 0.00010760279837995768
}