{
  "MAE": 0.007900764137559987,
  "MSE": 0.00016687327879177143,
  "DA": 0.48930817610062893,
  "best_val_MSE": 0.0003123269207471856,
  "best_train_MSE": 0.0003041436318177368,
  "best_test_MSE": 0.0001668732875259593
}