{
  "MAE": 0.006742425479753511,
  "MSE": 9.318885448909317e-05,
  "DA": 0.47924528301886793,
  "best_val_MSE": 0.00025061396445380524,
  "best_train_MSE": 0.000599381746920683,
  "best_test_MSE": 9.31888644117862e-05
}