{
  "MAE": 0.0027570494046173163,
  "MSE": 2.2292842610289762e-05,
  "DA": 1.0,
  "best_val_MSE": 4.037484206404917e-05,
  "best_train_MSE": 1.9763692146521596e-05,
  "best_test_MSE": 2.2292839275905862e-05
}