{
  "MAE": 0.0036282980627916094,
  "MSE": 2.633399951272494e-05,
  "DA": 0.9987405541561712,
  "best_val_MSE": 5.40752284827094e-05,
  "best_train_MSE": 5.2536108696244286e-05,
  "best_test_MSE": 2.6333998903282918e-05
}