{
  "MAE": 0.002828644340853357,
  "MSE": 2.2269161611474437e-05,
  "DA": 0.9987405541561712,
  "best_val_MSE": 4.4224099201643274e-05,
  "best_train_MSE": 1.278425554275951e-05,
  "best_test_MSE": 2.2269159671850502e-05
}