{
  "MAE": 0.0029187911285202587,
  "MSE": 2.2666455946969168e-05,
  "DA": 1.0,
  "best_val_MSE": 4.193815005896116e-05,
  "best_train_MSE": 1.657103732970124e-05,
  "best_test_MSE": 2.2666456061415374e-05
}