{
  "MAE": 0.0011898831934069832,
  "MSE": 2.293540675916395e-06,
  "DA": 0.9560439560439561,
  "best_val_MSE": 3.1472414367239426e-06,
  "best_train_MSE": 2.362519041816952e-06,
  "best_test_MSE": 2.2935407741897507e-06
}