{
  "MAE": 0.00026171655527443554,
  "MSE": 1.1095353291538817e-07,
  "DA": 0.986449864498645,
  "best_val_MSE": 1.4960479271523192e-06,
  "best_train_MSE": 2.1572965796020246e-07,
  "best_test_MSE": 1.1095353613654879e-07
}