{
  "MAE": 0.0026962204075643742,
  "MSE": 1.9779773101640182e-05,
  "DA": 1.0,
  "best_val_MSE": 3.897061272844256e-05,
  "best_train_MSE": 2.081381791785016e-05,
  "best_test_MSE": 1.9779772628680803e-05
}