{
  "MAE": 0.002730968597195121,
  "MSE": 1.9411440884055437e-05,
  "DA": 1.0,
  "best_val_MSE": 3.85706586057449e-05,
  "best_train_MSE": 0.0003636631005175346,
  "best_test_MSE": 1.9411440007388592e-05
}