{
  "MAE": 0.0025637320582307887,
  "MSE": 1.7733482060336406e-05,
  "best_train_MSE": 1.3972189948221182e-05,
  "best_val_MSE": 4.132786441334198e-05,
  "best_test_MSE": 1.7733482060336406e-05,
  "DA": 1.0
}