{
  "MAE": 0.0028814116291638286,
  "MSE": 2.1044570354282033e-05,
  "DA": 1.0,
  "best_val_MSE": 4.328869179653778e-05,
  "best_train_MSE": 1.5293319732865574e-05,
  "best_test_MSE": 2.1044572349637747e-05
}