{
  "MAE": 0.0031657094333386064,
  "MSE": 2.140738269640548e-05,
  "DA": 0.9962025316455696,
  "best_val_MSE": 5.137482320151514e-05,
  "best_train_MSE": 3.6315172568417876e-05,
  "best_test_MSE": 2.1407382519100793e-05
}