{
  "MAE": 0.007667290610136108,
  "MSE": 0.00012175933531496958,
  "best_train_MSE": 0.00010621301608499345,
  "best_val_MSE": 0.0003728073033376794,
  "best_test_MSE": 0.00012175933531496958,
  "DA": 0.48930817610062893
}