{
  "MAE": 0.008317824864683208,
  "MSE": 0.00012220585807579844,
  "DA": 0.4641509433962264,
  "best_val_MSE": 0.0002817793239386926,
  "best_train_MSE": 0.00030357704438016515,
  "best_test_MSE": 0.000122205849038437
}