{
  "MAE": 0.007116724006450838,
  "MSE": 0.00011267002624329476,
  "DA": 0.4779874213836478,
  "best_val_MSE": 0.00026933540819708404,
  "best_train_MSE": 0.00012642509752838004,
  "best_test_MSE": 0.0001126700226450339
}