{
  "MAE": 0.006668725653377113,
  "MSE": 9.219438021335275e-05,
  "DA": 0.5150753768844221,
  "best_val_MSE": 0.0002480834319214268,
  "best_train_MSE": 0.00013673488276003026,
  "best_test_MSE": 9.2194379249122e-05
}