{
  "MAE": 0.00661829171803929,
  "MSE": 9.19790580887086e-05,
  "DA": 0.5270440251572327,
  "best_val_MSE": 0.00024397663164999533,
  "best_train_MSE": 0.0001435192285923164,
  "best_test_MSE": 9.197905455948785e-05
}