{
  "MAE": 0.0029355269629926257,
  "MSE": 1.5519118605197744e-05,
  "DA": 0.5685534591194968,
  "best_val_MSE": 4.415748008337693e-05,
  "best_train_MSE": 2.2154046297339716e-05,
  "best_test_MSE": 1.5519119187956676e-05
}