{
  "MAE": 0.0035954525487639512,
  "MSE": 2.5485583673179244e-05,
  "DA": 0.5421383647798742,
  "best_val_MSE": 5.7541245609747604e-05,
  "best_train_MSE": 5.9135441024399545e-05,
  "best_test_MSE": 2.5485584046691656e-05
}