{
  "MAE": 0.003004477719644184,
  "MSE": 1.6559784900768514e-05,
  "DA": 0.620253164556962,
  "best_val_MSE": 5.011185584533586e-05,
  "best_train_MSE": 2.3703561520300455e-05,
  "best_test_MSE": 1.6559784853598103e-05
}