{
  "MAE": 0.002939243683176967,
  "MSE": 1.6129960957579865e-05,
  "DA": 0.6113924050632912,
  "best_val_MSE": 3.96589578896625e-05,
  "best_train_MSE": 2.113936109764534e-05,
  "best_test_MSE": 1.612995947652962e-05
}