{
  "MAE": 0.0034757290836939245,
  "MSE": 2.1937076834393598e-05,
  "best_train_MSE": 1.530818256154547e-05,
  "best_val_MSE": 6.130811295899629e-05,
  "best_test_MSE": 2.1937076834393598e-05,
  "DA": 0.5253164556962026
}