{
  "MAE": 0.008503559645319453,
  "MSE": 0.0001518315844296118,
  "DA": 0.4679245283018868,
  "best_val_MSE": 0.0002929859247967149,
  "best_train_MSE": 0.0002471585917692897,
  "best_test_MSE": 0.0001518315839348361
}