{
  "MAE": 0.007047767093933342,
  "MSE": 9.460073173708947e-05,
  "DA": 0.4729559748427673,
  "best_val_MSE": 0.000253892692826171,
  "best_train_MSE": 0.0001784059629910354,
  "best_test_MSE": 9.460072760703042e-05
}