{
  "MAE": 0.007227437097634954,
  "MSE": 0.00010329604865345328,
  "DA": 0.47044025157232705,
  "best_val_MSE": 0.0002705519362111052,
  "best_train_MSE": 0.00015710565534603356,
  "best_test_MSE": 0.0001032960499287583
}