{
  "MAE": 0.0070051184725831725,
  "MSE": 9.780556599584916e-05,
  "DA": 0.4930817610062893,
  "best_val_MSE": 0.00025954216225853737,
  "best_train_MSE": 0.00013884628982296752,
  "best_test_MSE": 9.78055686573498e-05
}