{
  "MAE": 0.00017405989604902047,
  "MSE": 4.807035774110167e-08,
  "best_train_MSE": 3.5837217038958094e-08,
  "best_val_MSE": 4.592560596418131e-08,
  "best_test_MSE": 4.807035774110167e-08,
  "DA": 0.9701897018970189
}