{
  "MAE": 0.0009663634854295556,
  "MSE": 1.601384000712894e-06,
  "DA": 0.9486486486486486,
  "best_val_MSE": 1.7238560020220468e-06,
  "best_train_MSE": 1.675418137772427e-06,
  "best_test_MSE": 1.6013840422601788e-06
}