{
  "MAE": 0.002501032546058266,
  "MSE": 1.059185697538135e-05,
  "DA": 0.8888888888888888,
  "best_val_MSE": 1.199127045575641e-05,
  "best_train_MSE": 0.0005187548158870896,
  "best_test_MSE": 1.059185615304159e-05
}