{
  "MAE": 0.00686558735905969,
  "MSE": 9.92531351478672e-05,
  "DA": 0.5383647798742138,
  "best_val_MSE": 0.00025436382816902654,
  "best_train_MSE": 0.00015369529079620344,
  "best_test_MSE": 9.925314225256443e-05
}