{
  "MAE": 0.007759623362890807,
  "MSE": 0.00013489260650702327,
  "DA": 0.5031446540880503,
  "best_val_MSE": 0.00031114910801799406,
  "best_train_MSE": 0.0002244666913681335,
  "best_test_MSE": 0.0001348926016362384
}