{
  "MAE": 0.006830783611559218,
  "MSE": 9.974554046772908e-05,
  "DA": 0.48930817610062893,
  "best_val_MSE": 0.0002966644603298283,
  "best_train_MSE": 0.00013495077283287387,
  "best_test_MSE": 9.974554996006191e-05
}