{
  "MAE": 0.006817974501395198,
  "MSE": 9.57617465632813e-05,
  "DA": 0.5207547169811321,
  "best_val_MSE": 0.0002580481931296486,
  "best_train_MSE": 0.0002262892384654127,
  "best_test_MSE": 9.576173761161044e-05
}