{
  "MAE": 0.002580440852260343,
  "MSE": 1.960843031627785e-05,
  "DA": 1.0,
  "best_val_MSE": 3.870559488914777e-05,
  "best_train_MSE": 0.0001474682834471206,
  "best_test_MSE": 1.9608429283834994e-05
}