{
  "MAE": 0.0028407348558485935,
  "MSE": 1.971540040519993e-05,
  "DA": 0.9987405541561712,
  "best_val_MSE": 5.587306370163781e-05,
  "best_train_MSE": 1.6940588061748108e-05,
  "best_test_MSE": 1.9715398593689315e-05
}