{
  "MAE": 0.002876725841903961,
  "MSE": 1.9625532988797678e-05,
  "DA": 0.9974811083123426,
  "best_val_MSE": 4.8823908638837325e-05,
  "best_train_MSE": 3.007505764489744e-05,
  "best_test_MSE": 1.9625531422207132e-05
}