{
  "MAE": 0.0026890880557635887,
  "MSE": 1.902634798101006e-05,
  "DA": 1.0,
  "best_val_MSE": 4.5628436808783016e-05,
  "best_train_MSE": 1.9639435503941662e-05,
  "best_test_MSE": 1.902634721773211e-05
}