{
  "MAE": 0.0005087915352194863,
  "MSE": 4.0847137126830785e-07,
  "DA": 0.978319783197832,
  "best_val_MSE": 8.260481810379179e-07,
  "best_train_MSE": 4.1942054820474397e-07,
  "best_test_MSE": 4.084714078089746e-07
}