{
  "MAE": 0.00265588938981826,
  "MSE": 1.096634165444384e-05,
  "DA": 0.8644986449864499,
  "best_val_MSE": 1.0260271153841888e-05,
  "best_train_MSE": 0.00022835444624884647,
  "best_test_MSE": 1.0966341505991295e-05
}