{
  "MAE": 0.0019147617824990261,
  "MSE": 5.0265862872750005e-06,
  "DA": 0.9295392953929539,
  "best_val_MSE": 5.2210392481336564e-06,
  "best_train_MSE": 0.00018150892522090562,
  "best_test_MSE": 5.026585768064251e-06
}