{
  "MAE": 0.001814029638219117,
  "MSE": 5.361073995736837e-06,
  "DA": 0.9295392953929539,
  "best_val_MSE": 8.548594871038278e-06,
  "best_train_MSE": 7.289246804203174e-06,
  "best_test_MSE": 5.361073817766737e-06
}