{
  "MAE": 0.0015096225245459106,
  "MSE": 3.861689286044867e-06,
  "DA": 0.9376693766937669,
  "best_val_MSE": 4.0928564812995916e-06,
  "best_train_MSE": 3.4199069485393045e-06,
  "best_test_MSE": 3.8616894926235545e-06
}