{
  "MAE": 0.0014377314248091725,
  "MSE": 3.4784051409657845e-06,
  "DA": 0.9295392953929539,
  "best_val_MSE": 3.3442136591854983e-06,
  "best_train_MSE": 3.5192488193926543e-06,
  "best_test_MSE": 3.478405005807872e-06
}