{
  "MAE": 0.002570154765659725,
  "MSE": 1.7797153613510756e-05,
  "best_train_MSE": 1.3972208726007975e-05,
  "best_val_MSE": 4.1327857079415136e-05,
  "best_test_MSE": 1.7797153613510756e-05,
  "DA": 1.0
}