{
  "MAE": 0.002929901166816611,
  "MSE": 2.1354821200374654e-05,
  "DA": 0.9987437185929648,
  "best_val_MSE": 4.975883332324892e-05,
  "best_train_MSE": 4.368901847546799e-05,
  "best_test_MSE": 2.1354819182306528e-05
}