{
  "MAE": 0.0027026102389218873,
  "MSE": 1.9850623364431005e-05,
  "DA": 1.0,
  "best_val_MSE": 3.8970993464089065e-05,
  "best_train_MSE": 2.0813743726475806e-05,
  "best_test_MSE": 1.9850624084938318e-05
}