{
  "MAE": 0.0028890960639476023,
  "MSE": 2.1104880019872406e-05,
  "DA": 1.0,
  "best_val_MSE": 4.3284225537962066e-05,
  "best_train_MSE": 1.529293565683989e-05,
  "best_test_MSE": 2.1104879124322906e-05
}