{
  "MAE": 0.0027371888486794585,
  "MSE": 1.946233346623809e-05,
  "DA": 1.0,
  "best_val_MSE": 3.8570181686450036e-05,
  "best_train_MSE": 0.00036365308038494325,
  "best_test_MSE": 1.94623335119104e-05
}